drop database mercadoDB;


use mercadoDB;


show tables;


# Popupating Tables

# Fornecedor

insert into Fornecedor (ID, CNPJ, Nome_Fantasia, Razao_Social, Endereco, Estado, Contato, Email, Telefone) values (1, '58251455257', 'West, Rodriguez and Schneider', 'Wordware', '86732 Hazelcrest Place', 'SP', 'Panchito Curtoys', 'pcurtoys0@army.mil', '865287939691');
insert into Fornecedor (ID, CNPJ, Nome_Fantasia, Razao_Social, Endereco, Estado, Contato, Email, Telefone) values (2, '30668358916', 'Bechtelar and Sons', 'Kwimbee', '4 Transport Pass', 'SP', 'Jerrold Mullany', 'jmullany1@yellowbook.com', '506517681650');
insert into Fornecedor (ID, CNPJ, Nome_Fantasia, Razao_Social, Endereco, Estado, Contato, Email, Telefone) values (3, '60287017279', 'Baumbach LLC', 'Camimbo', '75 Moulton Drive', 'RJ', 'Ricca Tillard', 'rtillard2@hostgator.com', '091606459123');
insert into Fornecedor (ID, CNPJ, Nome_Fantasia, Razao_Social, Endereco, Estado, Contato, Email, Telefone) values (4, '92418151722', 'Deckow-Mraz', 'Dabfeed', '9 Arrowood Trail', 'ES', 'Reggie Standbrook', 'rstandbrook3@uol.com.br', '998741527106');
insert into Fornecedor (ID, CNPJ, Nome_Fantasia, Razao_Social, Endereco, Estado, Contato, Email, Telefone) values (5, '98775019894', 'Stanton-Gibson', 'Buzzbean', '0388 Duke Avenue', 'MG', 'Winnie Tellenbrok', 'wtellenbrok4@umn.edu', '125420234210');
insert into Fornecedor (ID, CNPJ, Nome_Fantasia, Razao_Social, Endereco, Estado, Contato, Email, Telefone) values (6, '99600116937', 'Nitzsche, Hills and Schaefer', 'Zoomlounge', '5 Melody Plaza', 'ES', 'Farr Crigin', 'fcrigin5@printfriendly.com', '899110322364');
insert into Fornecedor (ID, CNPJ, Nome_Fantasia, Razao_Social, Endereco, Estado, Contato, Email, Telefone) values (7, '14398960794', 'Murazik, Brown and Koepp', 'Skiptube', '89045 Corben Pass', 'AC', 'Truman Frigot', 'tfrigot6@nps.gov', '990476990280');
insert into Fornecedor (ID, CNPJ, Nome_Fantasia, Razao_Social, Endereco, Estado, Contato, Email, Telefone) values (8, '75455306265', 'Turner-McKenzie', 'Avamba', '893 Springview Circle', 'AM', 'Herbie MacDonogh', 'hmacdonogh7@shinystat.com', '471964224864');
insert into Fornecedor (ID, CNPJ, Nome_Fantasia, Razao_Social, Endereco, Estado, Contato, Email, Telefone) values (9, '81125464349', 'Davis-Mills', 'Kwideo', '6 Bayside Parkway', 'AC', 'Carolee O''Scollee', 'coscollee8@storify.com', '485152444829');
insert into Fornecedor (ID, CNPJ, Nome_Fantasia, Razao_Social, Endereco, Estado, Contato, Email, Telefone) values (10, '05580293991', 'Wolf, Romaguera and Spencer', 'Skidoo', '46969 Carey Pass', 'AM', 'Lauryn Damant', 'ldamant9@vkontakte.ru', '789392920053');
insert into Fornecedor (ID, CNPJ, Nome_Fantasia, Razao_Social, Endereco, Estado, Contato, Email, Telefone) values (11, '59484964545', 'Lakin, Hermiston and Price', 'Npath', '373 Pepper Wood Terrace', 'SP', 'Jodie Grinsdale', 'jgrinsdalea@yale.edu', '564947885349');
insert into Fornecedor (ID, CNPJ, Nome_Fantasia, Razao_Social, Endereco, Estado, Contato, Email, Telefone) values (12, '30332450015', 'Bosco-Herzog', 'Jaxnation', '9985 Lawn Pass', 'SC', 'Joshuah Petley', 'jpetleyb@flickr.com', '187202933466');
insert into Fornecedor (ID, CNPJ, Nome_Fantasia, Razao_Social, Endereco, Estado, Contato, Email, Telefone) values (13, '25593951263', 'Purdy-Herzog', 'Cogibox', '6 American Park', 'RS', 'Gloriana Jacobs', 'gjacobsc@flickr.com', '393292128500');
insert into Fornecedor (ID, CNPJ, Nome_Fantasia, Razao_Social, Endereco, Estado, Contato, Email, Telefone) values (14, '87338094910', 'Mayert-Ruecker', 'Rhyloo', '7 Buhler Circle', 'PR', 'Silvano Levey', 'sleveyd@themeforest.net', '174973290612');
insert into Fornecedor (ID, CNPJ, Nome_Fantasia, Razao_Social, Endereco, Estado, Contato, Email, Telefone) values (15, '52328283665', 'Gerlach, Friesen and Lemke', 'Geba', '6 Summer Ridge Circle', 'PA', 'Chrissie Krol', 'ckrole@sogou.com', '993510173821');
insert into Fornecedor (ID, CNPJ, Nome_Fantasia, Razao_Social, Endereco, Estado, Contato, Email, Telefone) values (16, '96790299326', 'Ward LLC', 'Feedfish', '0 Oriole Avenue', 'MG', 'Adelbert Moncur', 'amoncurf@ebay.co.uk', '146069417208');
insert into Fornecedor (ID, CNPJ, Nome_Fantasia, Razao_Social, Endereco, Estado, Contato, Email, Telefone) values (17, '69520349046', 'Toy-Gaylord', 'Eare', '6 Schiller Court', 'SP', 'Kelsey Christon', 'kchristong@dion.ne.jp', '687164274950');
insert into Fornecedor (ID, CNPJ, Nome_Fantasia, Razao_Social, Endereco, Estado, Contato, Email, Telefone) values (18, '46981056739', 'Raynor Inc', 'Ntags', '86302 Jay Lane', 'RJ', 'Marcile Milward', 'mmilwardh@fema.gov', '050138623554');
insert into Fornecedor (ID, CNPJ, Nome_Fantasia, Razao_Social, Endereco, Estado, Contato, Email, Telefone) values (19, '65620182629', 'Ankunding, Schulist and Schmeler', 'Flashpoint', '9 Scott Junction', 'AM', 'Denver Ditty', 'ddittyi@cnet.com', '515102935474');
insert into Fornecedor (ID, CNPJ, Nome_Fantasia, Razao_Social, Endereco, Estado, Contato, Email, Telefone) values (20, '16378921322', 'Harris, Krajcik and Ward', 'Meezzy', '856 Farwell Terrace', 'AL', 'Ki Syphas', 'ksyphasj@t-online.de', '745045367176');
insert into Fornecedor (ID, CNPJ, Nome_Fantasia, Razao_Social, Endereco, Estado, Contato, Email, Telefone) values (21, '47009234423', 'Stoltenberg-Trantow', 'Meejo', '792 Melody Street', 'PI', 'Charmion Dallemore', 'cdallemorek@pinterest.com', '046731099513');
insert into Fornecedor (ID, CNPJ, Nome_Fantasia, Razao_Social, Endereco, Estado, Contato, Email, Telefone) values (22, '07578480786', 'Hoeger-Botsford', 'Izio', '2208 Bashford Center', 'RR', 'Leoine Cavy', 'lcavyl@edublogs.org', '553368540044');
insert into Fornecedor (ID, CNPJ, Nome_Fantasia, Razao_Social, Endereco, Estado, Contato, Email, Telefone) values (23, '09572928997', 'Kulas Group', 'Kayveo', '6313 Oriole Lane', 'SP', 'Lemuel McBeith', 'lmcbeithm@google.ca', '597830647166');
insert into Fornecedor (ID, CNPJ, Nome_Fantasia, Razao_Social, Endereco, Estado, Contato, Email, Telefone) values (24, '20254466296', 'Wisoky-Yundt', 'Mybuzz', '4 Oak Valley Alley', 'SP', 'Em Raund', 'eraundn@about.me', '249715356740');
insert into Fornecedor (ID, CNPJ, Nome_Fantasia, Razao_Social, Endereco, Estado, Contato, Email, Telefone) values (25, '46151553151', 'Bergnaum, Medhurst and Kulas', 'Thoughtworks', '822 2nd Center', 'RJ', 'Joellen Walworche', 'jwalworcheo@usnews.com', '675892144109');


# VIEW TABLE

SELECT * FROM Fornecedor;

# Cliente

insert into Cliente (CPF, Primeiro_Nome, Segundo_Nome, Sobrenome, Data_Nascimento, Endereco, Estado, Email, Celular, Sexo) values ('44678241929', 'Rodrick', 'Glendon', 'Cudmore', '2015/08/16', '82983444041', 'DC', 'gcudmore0@pbs.org', '23389016443', 'Male');
insert into Cliente (CPF, Primeiro_Nome, Segundo_Nome, Sobrenome, Data_Nascimento, Endereco, Estado, Email, Celular, Sexo) values ('23076428711', 'Finley', 'Homerus', 'Poles', '2004/11/15', '42881509420', 'MA', 'hpoles1@jalbum.net', '75465186559', 'Male');
insert into Cliente (CPF, Primeiro_Nome, Segundo_Nome, Sobrenome, Data_Nascimento, Endereco, Estado, Email, Celular, Sexo) values ('30442459980', 'Webster', 'Joaquin', 'Brockwell', '1993/10/23', '60576834567', 'NV', 'jbrockwell2@google.nl', '84480772805', 'Male');
insert into Cliente (CPF, Primeiro_Nome, Segundo_Nome, Sobrenome, Data_Nascimento, Endereco, Estado, Email, Celular, Sexo) values ('33418077829', 'Nerte', 'Valentina', 'Bozward', '2020/08/14', '94226552995', 'DE', 'vbozward3@nyu.edu', '70987929552', 'Female');
insert into Cliente (CPF, Primeiro_Nome, Segundo_Nome, Sobrenome, Data_Nascimento, Endereco, Estado, Email, Celular, Sexo) values ('03528941243', 'Deedee', 'Domeniga', 'Spittal', '1996/09/20', '58057746465', 'MO', 'dspittal4@shareasale.com', '04088706878', 'Female');
insert into Cliente (CPF, Primeiro_Nome, Segundo_Nome, Sobrenome, Data_Nascimento, Endereco, Estado, Email, Celular, Sexo) values ('61396091719', 'Goober', 'Lowe', 'Crayke', '2019/11/23', '44252179291', 'FL', 'lcrayke5@samsung.com', '43911434662', 'Male');
insert into Cliente (CPF, Primeiro_Nome, Segundo_Nome, Sobrenome, Data_Nascimento, Endereco, Estado, Email, Celular, Sexo) values ('50657164656', 'Erinn', 'Vonni', 'Dury', '2017/02/06', '75787280834', 'CO', 'vdury6@google.com.hk', '39278773103', 'Female');
insert into Cliente (CPF, Primeiro_Nome, Segundo_Nome, Sobrenome, Data_Nascimento, Endereco, Estado, Email, Celular, Sexo) values ('43715058356', 'Evaleen', 'Shelagh', 'Trustrie', '2016/08/14', '12380921444', 'TN', 'strustrie7@printfriendly.com', '33199711564', 'Female');
insert into Cliente (CPF, Primeiro_Nome, Segundo_Nome, Sobrenome, Data_Nascimento, Endereco, Estado, Email, Celular, Sexo) values ('17637778760', 'Consolata', 'Carine', 'Wadforth', '2006/03/17', '97219546824', 'MO', 'cwadforth8@g.co', '23218785383', 'Female');
insert into Cliente (CPF, Primeiro_Nome, Segundo_Nome, Sobrenome, Data_Nascimento, Endereco, Estado, Email, Celular, Sexo) values ('54770583287', 'Reynolds', 'Nicolas', 'Filippi', '2011/12/09', '06906906351', 'TX', 'nfilippi9@vimeo.com', '41873312311', 'Male');
insert into Cliente (CPF, Primeiro_Nome, Segundo_Nome, Sobrenome, Data_Nascimento, Endereco, Estado, Email, Celular, Sexo) values ('63210963805', 'Tomlin', 'Anson', 'Osmar', '2007/03/04', '07239122082', 'NY', 'aosmara@whitehouse.gov', '84282906981', 'Male');
insert into Cliente (CPF, Primeiro_Nome, Segundo_Nome, Sobrenome, Data_Nascimento, Endereco, Estado, Email, Celular, Sexo) values ('30757730071', 'Humfried', 'Cullie', 'Dowtry', '1994/04/29', '21656010865', 'OH', 'cdowtryb@nydailynews.com', '80915475364', 'Male');
insert into Cliente (CPF, Primeiro_Nome, Segundo_Nome, Sobrenome, Data_Nascimento, Endereco, Estado, Email, Celular, Sexo) values ('81158080169', 'Albina', 'Elna', 'Heskins', '1994/12/12', '27465632008', 'TX', 'eheskinsc@princeton.edu', '28002904368', 'Female');
insert into Cliente (CPF, Primeiro_Nome, Segundo_Nome, Sobrenome, Data_Nascimento, Endereco, Estado, Email, Celular, Sexo) values ('75277217698', 'Gilbertine', 'Dorry', 'Sanzio', '1998/10/03', '23394896302', 'FL', 'dsanziod@ustream.tv', '46859184146', 'Female');
insert into Cliente (CPF, Primeiro_Nome, Segundo_Nome, Sobrenome, Data_Nascimento, Endereco, Estado, Email, Celular, Sexo) values ('55226362973', 'Normy', 'Philbert', 'Moncaster', '2011/04/07', '12696730854', 'CA', 'pmoncastere@soundcloud.com', '75213238576', 'Male');
insert into Cliente (CPF, Primeiro_Nome, Segundo_Nome, Sobrenome, Data_Nascimento, Endereco, Estado, Email, Celular, Sexo) values ('63110666978', 'Melloney', 'Odette', 'Covolini', '2011/04/30', '02126838993', 'FL', 'ocovolinif@senate.gov', '19358448053', 'Female');
insert into Cliente (CPF, Primeiro_Nome, Segundo_Nome, Sobrenome, Data_Nascimento, Endereco, Estado, Email, Celular, Sexo) values ('48757880983', 'Dela', 'Phylis', 'Bloss', '1996/03/26', '78857637561', 'VA', 'pblossg@t-online.de', '03796076494', 'Female');
insert into Cliente (CPF, Primeiro_Nome, Segundo_Nome, Sobrenome, Data_Nascimento, Endereco, Estado, Email, Celular, Sexo) values ('93723920566', 'Rosalia', 'Abagail', 'Sheryne', '2014/06/22', '54451616365', 'OH', 'asheryneh@ameblo.jp', '43979461804', 'Female');
insert into Cliente (CPF, Primeiro_Nome, Segundo_Nome, Sobrenome, Data_Nascimento, Endereco, Estado, Email, Celular, Sexo) values ('89670198188', 'Rebekkah', 'Carleen', 'Reside', '2001/10/25', '41525733867', 'MS', 'cresidei@gov.uk', '95635747504', 'Female');
insert into Cliente (CPF, Primeiro_Nome, Segundo_Nome, Sobrenome, Data_Nascimento, Endereco, Estado, Email, Celular, Sexo) values ('21003074429', 'Artemus', 'Welbie', 'Kornilyev', '2005/08/02', '92663368749', 'KS', 'wkornilyevj@arstechnica.com', '69382651581', 'Male');
insert into Cliente (CPF, Primeiro_Nome, Segundo_Nome, Sobrenome, Data_Nascimento, Endereco, Estado, Email, Celular, Sexo) values ('64255409983', 'Kristan', 'Jessy', 'Colman', '2017/12/10', '02223191215', 'TX', 'jcolmank@w3.org', '90693749847', 'Female');
insert into Cliente (CPF, Primeiro_Nome, Segundo_Nome, Sobrenome, Data_Nascimento, Endereco, Estado, Email, Celular, Sexo) values ('11018803293', 'Orson', 'Alaster', 'Wybourne', '1993/07/02', '97543210636', 'FL', 'awybournel@java.com', '09646138275', 'Male');
insert into Cliente (CPF, Primeiro_Nome, Segundo_Nome, Sobrenome, Data_Nascimento, Endereco, Estado, Email, Celular, Sexo) values ('72314932987', 'Maddie', 'Darby', 'Benito', '2003/11/28', '22848838990', 'KY', 'dbenitom@usda.gov', '27618945678', 'Female');
insert into Cliente (CPF, Primeiro_Nome, Segundo_Nome, Sobrenome, Data_Nascimento, Endereco, Estado, Email, Celular, Sexo) values ('98866402022', 'Belicia', 'Laverna', 'Awton', '1990/01/19', '93087097135', 'NY', 'lawtonn@sohu.com', '05237582741', 'Female');
insert into Cliente (CPF, Primeiro_Nome, Segundo_Nome, Sobrenome, Data_Nascimento, Endereco, Estado, Email, Celular, Sexo) values ('96509292260', 'Virge', 'Randi', 'Denyakin', '2019/07/21', '92181544959', 'FL', 'rdenyakino@toplist.cz', '02777858826', 'Male');
insert into Cliente (CPF, Primeiro_Nome, Segundo_Nome, Sobrenome, Data_Nascimento, Endereco, Estado, Email, Celular, Sexo) values ('08389148610', 'Raychel', 'Rahel', 'Thulborn', '2001/10/20', '52145555312', 'PA', 'rthulbornp@sakura.ne.jp', '65997850707', 'Female');
insert into Cliente (CPF, Primeiro_Nome, Segundo_Nome, Sobrenome, Data_Nascimento, Endereco, Estado, Email, Celular, Sexo) values ('41954203450', 'Chrissie', 'Alano', 'Windebank', '2007/04/06', '97814310172', 'CA', 'awindebankq@cloudflare.com', '50500745617', 'Male');
insert into Cliente (CPF, Primeiro_Nome, Segundo_Nome, Sobrenome, Data_Nascimento, Endereco, Estado, Email, Celular, Sexo) values ('34092472212', 'Devinne', 'Carolann', 'Flye', '1999/07/13', '25815348043', 'FL', 'cflyer@theguardian.com', '50744585237', 'Female');
insert into Cliente (CPF, Primeiro_Nome, Segundo_Nome, Sobrenome, Data_Nascimento, Endereco, Estado, Email, Celular, Sexo) values ('26696068622', 'Kriste', 'Kelci', 'Downey', '2014/12/28', '39179346969', 'FL', 'kdowneys@unc.edu', '26103065592', 'Female');
insert into Cliente (CPF, Primeiro_Nome, Segundo_Nome, Sobrenome, Data_Nascimento, Endereco, Estado, Email, Celular, Sexo) values ('59990280754', 'Artemis', 'Fidelio', 'Frill', '1989/12/08', '62481885926', 'CO', 'ffrillt@free.fr', '58338813709', 'Male');
insert into Cliente (CPF, Primeiro_Nome, Segundo_Nome, Sobrenome, Data_Nascimento, Endereco, Estado, Email, Celular, Sexo) values ('84304959040', 'Jamaal', 'Laurie', 'Cawdron', '2005/04/06', '61393316027', 'CO', 'lcawdronu@kickstarter.com', '40079763668', 'Male');
insert into Cliente (CPF, Primeiro_Nome, Segundo_Nome, Sobrenome, Data_Nascimento, Endereco, Estado, Email, Celular, Sexo) values ('68399870871', 'Garnet', 'Nikkie', 'Mac', '1999/04/01', '73093105992', 'MO', 'nmacv@dropbox.com', '67830617985', 'Female');
insert into Cliente (CPF, Primeiro_Nome, Segundo_Nome, Sobrenome, Data_Nascimento, Endereco, Estado, Email, Celular, Sexo) values ('04964660579', 'Sumner', 'Torrey', 'Sinncock', '2001/05/21', '35634687333', 'TX', 'tsinncockw@infoseek.co.jp', '86512899549', 'Male');
insert into Cliente (CPF, Primeiro_Nome, Segundo_Nome, Sobrenome, Data_Nascimento, Endereco, Estado, Email, Celular, Sexo) values ('52708713051', 'Josee', 'Ainslie', 'Devonside', '2016/05/18', '29221492805', 'VA', 'adevonsidex@twitter.com', '37149252442', 'Female');
insert into Cliente (CPF, Primeiro_Nome, Segundo_Nome, Sobrenome, Data_Nascimento, Endereco, Estado, Email, Celular, Sexo) values ('72499387247', 'Myrta', 'Danny', 'Cawdron', '2018/03/14', '73832482537', 'MD', 'dcawdrony@webeden.co.uk', '02927422955', 'Female');
insert into Cliente (CPF, Primeiro_Nome, Segundo_Nome, Sobrenome, Data_Nascimento, Endereco, Estado, Email, Celular, Sexo) values ('78606194807', 'Ignacio', 'Travus', 'Ballham', '2001/11/15', '19468249364', 'AZ', 'tballhamz@tinyurl.com', '81659116815', 'Male');
insert into Cliente (CPF, Primeiro_Nome, Segundo_Nome, Sobrenome, Data_Nascimento, Endereco, Estado, Email, Celular, Sexo) values ('69583164101', 'Yasmeen', 'Erina', 'Woodroffe', '1999/04/26', '45808101483', 'NC', 'ewoodroffe10@mashable.com', '75140606569', 'Female');
insert into Cliente (CPF, Primeiro_Nome, Segundo_Nome, Sobrenome, Data_Nascimento, Endereco, Estado, Email, Celular, Sexo) values ('41683311418', 'Abey', 'Darius', 'Christofol', '1993/05/27', '52419832099', 'FL', 'dchristofol11@psu.edu', '95986307440', 'Male');
insert into Cliente (CPF, Primeiro_Nome, Segundo_Nome, Sobrenome, Data_Nascimento, Endereco, Estado, Email, Celular, Sexo) values ('58222922641', 'Trixi', 'Alberta', 'Goudman', '1989/02/26', '48100780768', 'NY', 'agoudman12@admin.ch', '06859195549', 'Female');
insert into Cliente (CPF, Primeiro_Nome, Segundo_Nome, Sobrenome, Data_Nascimento, Endereco, Estado, Email, Celular, Sexo) values ('58133761069', 'Lela', 'Giselle', 'Yandle', '1992/02/05', '66148853685', 'NE', 'gyandle13@redcross.org', '20299789321', 'Female');
insert into Cliente (CPF, Primeiro_Nome, Segundo_Nome, Sobrenome, Data_Nascimento, Endereco, Estado, Email, Celular, Sexo) values ('67257636256', 'Aleksandr', 'Terrell', 'Dunhill', '1994/02/09', '32734671617', 'WI', 'tdunhill14@webs.com', '09466244154', 'Male');
insert into Cliente (CPF, Primeiro_Nome, Segundo_Nome, Sobrenome, Data_Nascimento, Endereco, Estado, Email, Celular, Sexo) values ('80382996406', 'Prue', 'Floria', 'Matus', '2009/10/27', '01446203080', 'TX', 'fmatus15@cbc.ca', '47118406951', 'Female');
insert into Cliente (CPF, Primeiro_Nome, Segundo_Nome, Sobrenome, Data_Nascimento, Endereco, Estado, Email, Celular, Sexo) values ('61663035622', 'Claus', 'Porter', 'Deluce', '1991/01/19', '82014512209', 'VA', 'pdeluce16@ucla.edu', '99019063138', 'Male');
insert into Cliente (CPF, Primeiro_Nome, Segundo_Nome, Sobrenome, Data_Nascimento, Endereco, Estado, Email, Celular, Sexo) values ('75454019292', 'Josephine', 'Amii', 'Bendon', '2009/05/08', '81951157715', 'TX', 'abendon17@hugedomains.com', '75961004711', 'Female');
insert into Cliente (CPF, Primeiro_Nome, Segundo_Nome, Sobrenome, Data_Nascimento, Endereco, Estado, Email, Celular, Sexo) values ('44174454736', 'Reggy', 'Myer', 'Critchard', '2005/02/08', '06154614263', 'CA', 'mcritchard18@phoca.cz', '26441138518', 'Male');
insert into Cliente (CPF, Primeiro_Nome, Segundo_Nome, Sobrenome, Data_Nascimento, Endereco, Estado, Email, Celular, Sexo) values ('62337313830', 'Augustin', 'Cort', 'Larvent', '2008/11/19', '57218099602', 'WV', 'clarvent19@geocities.jp', '70001044948', 'Male');
insert into Cliente (CPF, Primeiro_Nome, Segundo_Nome, Sobrenome, Data_Nascimento, Endereco, Estado, Email, Celular, Sexo) values ('31489778906', 'Kathryne', 'Mellicent', 'McArtan', '2008/09/23', '51622577998', 'PA', 'mmcartan1a@pcworld.com', '09193494967', 'Female');
insert into Cliente (CPF, Primeiro_Nome, Segundo_Nome, Sobrenome, Data_Nascimento, Endereco, Estado, Email, Celular, Sexo) values ('19297312605', 'Guglielmo', 'Tate', 'Hearnes', '2011/11/12', '72119431874', 'CA', 'thearnes1b@fc2.com', '35792010269', 'Male');
insert into Cliente (CPF, Primeiro_Nome, Segundo_Nome, Sobrenome, Data_Nascimento, Endereco, Estado, Email, Celular, Sexo) values ('16912446803', 'Britteny', 'Nertie', 'Elgar', '1989/12/16', '10933290268', 'PA', 'nelgar1c@weather.com', '34913263449', 'Female');
insert into Cliente (CPF, Primeiro_Nome, Segundo_Nome, Sobrenome, Data_Nascimento, Endereco, Estado, Email, Celular, Sexo) values ('27138608492', 'Arlena', 'Odelinda', 'Chatenier', '2017/09/08', '59500121777', 'CA', 'ochatenier1d@hao123.com', '42118779835', 'Female');
insert into Cliente (CPF, Primeiro_Nome, Segundo_Nome, Sobrenome, Data_Nascimento, Endereco, Estado, Email, Celular, Sexo) values ('72003585404', 'Rafael', 'Frasquito', 'Terbeek', '2010/07/03', '22831750568', 'GA', 'fterbeek1e@epa.gov', '76856552662', 'Male');
insert into Cliente (CPF, Primeiro_Nome, Segundo_Nome, Sobrenome, Data_Nascimento, Endereco, Estado, Email, Celular, Sexo) values ('18816380506', 'Brandi', 'Ernaline', 'Tythacott', '2008/06/04', '84941764727', 'TX', 'etythacott1f@t.co', '27103110900', 'Female');
insert into Cliente (CPF, Primeiro_Nome, Segundo_Nome, Sobrenome, Data_Nascimento, Endereco, Estado, Email, Celular, Sexo) values ('72170973352', 'Dun', 'Pavel', 'Livingstone', '1990/09/23', '99224543171', 'CO', 'plivingstone1g@plala.or.jp', '17082705889', 'Male');
insert into Cliente (CPF, Primeiro_Nome, Segundo_Nome, Sobrenome, Data_Nascimento, Endereco, Estado, Email, Celular, Sexo) values ('40118137263', 'Shannon', 'Shel', 'Netherclift', '2015/05/29', '08651395945', 'WA', 'snetherclift1h@netscape.com', '26366255210', 'Female');
insert into Cliente (CPF, Primeiro_Nome, Segundo_Nome, Sobrenome, Data_Nascimento, Endereco, Estado, Email, Celular, Sexo) values ('88188184928', 'Kipp', 'Jaclyn', 'Constantine', '1988/02/12', '72437599822', 'CO', 'jconstantine1i@si.edu', '94686741315', 'Female');
insert into Cliente (CPF, Primeiro_Nome, Segundo_Nome, Sobrenome, Data_Nascimento, Endereco, Estado, Email, Celular, Sexo) values ('21880618025', 'Pearle', 'Hattie', 'Forty', '2022/04/14', '15669813252', 'IL', 'hforty1j@ca.gov', '20073001934', 'Female');
insert into Cliente (CPF, Primeiro_Nome, Segundo_Nome, Sobrenome, Data_Nascimento, Endereco, Estado, Email, Celular, Sexo) values ('71638586457', 'Kip', 'Felike', 'Bonds', '2004/11/05', '75209579445', 'FL', 'fbonds1k@printfriendly.com', '25501465390', 'Male');
insert into Cliente (CPF, Primeiro_Nome, Segundo_Nome, Sobrenome, Data_Nascimento, Endereco, Estado, Email, Celular, Sexo) values ('76551390511', 'Addia', 'Sharon', 'Tille', '2013/12/15', '82236580916', 'TX', 'stille1l@theguardian.com', '76760223525', 'Female');
insert into Cliente (CPF, Primeiro_Nome, Segundo_Nome, Sobrenome, Data_Nascimento, Endereco, Estado, Email, Celular, Sexo) values ('41781421038', 'Fleming', 'Neal', 'Titford', '2002/05/16', '18898151872', 'CA', 'ntitford1m@bluehost.com', '10606151796', 'Male');
insert into Cliente (CPF, Primeiro_Nome, Segundo_Nome, Sobrenome, Data_Nascimento, Endereco, Estado, Email, Celular, Sexo) values ('25542898990', 'Lorrie', 'Kincaid', 'Twelve', '1995/07/03', '74477723292', 'MO', 'ktwelve1n@facebook.com', '12719589243', 'Male');
insert into Cliente (CPF, Primeiro_Nome, Segundo_Nome, Sobrenome, Data_Nascimento, Endereco, Estado, Email, Celular, Sexo) values ('07635103033', 'Homerus', 'Sascha', 'Maudson', '1993/07/10', '05995568914', 'NY', 'smaudson1o@constantcontact.com', '64496047881', 'Male');
insert into Cliente (CPF, Primeiro_Nome, Segundo_Nome, Sobrenome, Data_Nascimento, Endereco, Estado, Email, Celular, Sexo) values ('12665996156', 'Hyacinthia', 'Ardene', 'Garrioch', '2019/10/28', '61220939371', 'TX', 'agarrioch1p@dailymotion.com', '54991729691', 'Female');
insert into Cliente (CPF, Primeiro_Nome, Segundo_Nome, Sobrenome, Data_Nascimento, Endereco, Estado, Email, Celular, Sexo) values ('05657624315', 'Sherri', 'Ame', 'Corrigan', '2014/07/03', '33595276306', 'CA', 'acorrigan1q@plala.or.jp', '05629471586', 'Female');
insert into Cliente (CPF, Primeiro_Nome, Segundo_Nome, Sobrenome, Data_Nascimento, Endereco, Estado, Email, Celular, Sexo) values ('08440017898', 'Saw', 'Byrle', 'Baythrop', '2002/01/14', '63557926623', 'NM', 'bbaythrop1r@blogger.com', '98737489854', 'Male');
insert into Cliente (CPF, Primeiro_Nome, Segundo_Nome, Sobrenome, Data_Nascimento, Endereco, Estado, Email, Celular, Sexo) values ('09539054520', 'Stormy', 'Madelyn', 'Gadney', '2001/12/18', '58451676419', 'FL', 'mgadney1s@wikimedia.org', '83108783368', 'Female');
insert into Cliente (CPF, Primeiro_Nome, Segundo_Nome, Sobrenome, Data_Nascimento, Endereco, Estado, Email, Celular, Sexo) values ('39155951579', 'Johanna', 'Lotti', 'Bagshawe', '1993/08/28', '35358158265', 'TX', 'lbagshawe1t@imgur.com', '03489713463', 'Female');
insert into Cliente (CPF, Primeiro_Nome, Segundo_Nome, Sobrenome, Data_Nascimento, Endereco, Estado, Email, Celular, Sexo) values ('70280803238', 'Ruben', 'Sidnee', 'Dallan', '1994/10/16', '51991356100', 'CA', 'sdallan1u@wikia.com', '20213956004', 'Male');
insert into Cliente (CPF, Primeiro_Nome, Segundo_Nome, Sobrenome, Data_Nascimento, Endereco, Estado, Email, Celular, Sexo) values ('89922101803', 'Mateo', 'Chandler', 'Roubay', '2022/08/16', '56830126392', 'OH', 'croubay1v@163.com', '21749692498', 'Male');
insert into Cliente (CPF, Primeiro_Nome, Segundo_Nome, Sobrenome, Data_Nascimento, Endereco, Estado, Email, Celular, Sexo) values ('85135543613', 'Hamel', 'Nicholas', 'Hincham', '1989/01/06', '72881820493', 'MO', 'nhincham1w@intel.com', '98239839343', 'Male');
insert into Cliente (CPF, Primeiro_Nome, Segundo_Nome, Sobrenome, Data_Nascimento, Endereco, Estado, Email, Celular, Sexo) values ('49201860817', 'Mohandis', 'Nat', 'Philo', '1996/02/28', '27470224922', 'FL', 'nphilo1x@washingtonpost.com', '89436392480', 'Male');
insert into Cliente (CPF, Primeiro_Nome, Segundo_Nome, Sobrenome, Data_Nascimento, Endereco, Estado, Email, Celular, Sexo) values ('21832977723', 'Stearne', 'Nikita', 'Dawkes', '2008/02/26', '75377556308', 'MD', 'ndawkes1y@vimeo.com', '12055867906', 'Male');
insert into Cliente (CPF, Primeiro_Nome, Segundo_Nome, Sobrenome, Data_Nascimento, Endereco, Estado, Email, Celular, Sexo) values ('88277638021', 'Ashley', 'Brigida', 'Mateiko', '1998/08/28', '23751159758', 'TX', 'bmateiko1z@hexun.com', '96982847842', 'Female');
insert into Cliente (CPF, Primeiro_Nome, Segundo_Nome, Sobrenome, Data_Nascimento, Endereco, Estado, Email, Celular, Sexo) values ('30500497864', 'Brand', 'Ad', 'Squirrell', '1990/02/22', '60292247392', 'MD', 'asquirrell20@jimdo.com', '92665934909', 'Male');
insert into Cliente (CPF, Primeiro_Nome, Segundo_Nome, Sobrenome, Data_Nascimento, Endereco, Estado, Email, Celular, Sexo) values ('41022664135', 'Walden', 'Duffy', 'Segrott', '2021/05/29', '90859462466', 'TX', 'dsegrott21@weibo.com', '76588783010', 'Male');
insert into Cliente (CPF, Primeiro_Nome, Segundo_Nome, Sobrenome, Data_Nascimento, Endereco, Estado, Email, Celular, Sexo) values ('83464100791', 'Egor', 'Chrissie', 'Thewys', '1996/05/18', '88912849675', 'VA', 'cthewys22@ibm.com', '46996342536', 'Male');
insert into Cliente (CPF, Primeiro_Nome, Segundo_Nome, Sobrenome, Data_Nascimento, Endereco, Estado, Email, Celular, Sexo) values ('41480627112', 'Hertha', 'Ayn', 'De Lisle', '2010/01/03', '68240531855', 'UT', 'adelisle23@economist.com', '73932716973', 'Female');
insert into Cliente (CPF, Primeiro_Nome, Segundo_Nome, Sobrenome, Data_Nascimento, Endereco, Estado, Email, Celular, Sexo) values ('32343131087', 'Paulina', 'Fayette', 'Tout', '2005/03/15', '78418423085', 'NC', 'ftout24@amazon.co.jp', '87391023970', 'Female');
insert into Cliente (CPF, Primeiro_Nome, Segundo_Nome, Sobrenome, Data_Nascimento, Endereco, Estado, Email, Celular, Sexo) values ('56984121371', 'Yolande', 'Verla', 'Spain-Gower', '2001/08/30', '85294265149', 'CA', 'vspaingower25@mysql.com', '11792208290', 'Female');
insert into Cliente (CPF, Primeiro_Nome, Segundo_Nome, Sobrenome, Data_Nascimento, Endereco, Estado, Email, Celular, Sexo) values ('89290527846', 'Renaldo', 'Kyle', 'Orniz', '2003/02/27', '08174609906', 'DC', 'korniz26@eventbrite.com', '54441311748', 'Male');
insert into Cliente (CPF, Primeiro_Nome, Segundo_Nome, Sobrenome, Data_Nascimento, Endereco, Estado, Email, Celular, Sexo) values ('95336457677', 'Garvin', 'Joey', 'Kinzett', '2002/07/02', '39430953185', 'MA', 'jkinzett27@netscape.com', '75215388031', 'Male');
insert into Cliente (CPF, Primeiro_Nome, Segundo_Nome, Sobrenome, Data_Nascimento, Endereco, Estado, Email, Celular, Sexo) values ('03019296533', 'Allina', 'Bertie', 'de Leon', '1990/01/15', '94752254758', 'CA', 'bdeleon28@drupal.org', '02187331277', 'Female');
insert into Cliente (CPF, Primeiro_Nome, Segundo_Nome, Sobrenome, Data_Nascimento, Endereco, Estado, Email, Celular, Sexo) values ('35521730474', 'Beltran', 'Ernst', 'Eeles', '2005/08/17', '13538782931', 'FL', 'eeeles29@mozilla.org', '41568566159', 'Male');
insert into Cliente (CPF, Primeiro_Nome, Segundo_Nome, Sobrenome, Data_Nascimento, Endereco, Estado, Email, Celular, Sexo) values ('45803681724', 'Ailee', 'Bert', 'Tidd', '2019/10/14', '72111830267', 'WV', 'btidd2a@google.es', '90145692868', 'Female');
insert into Cliente (CPF, Primeiro_Nome, Segundo_Nome, Sobrenome, Data_Nascimento, Endereco, Estado, Email, Celular, Sexo) values ('41318470213', 'Marthe', 'Hedvige', 'Carville', '2012/07/01', '31637812102', 'IN', 'hcarville2b@epa.gov', '70873198755', 'Female');
insert into Cliente (CPF, Primeiro_Nome, Segundo_Nome, Sobrenome, Data_Nascimento, Endereco, Estado, Email, Celular, Sexo) values ('76044633318', 'Ryan', 'Noam', 'Wagenen', '2014/02/12', '83447746087', 'SC', 'nwagenen2c@networkadvertising.org', '85106604466', 'Male');
insert into Cliente (CPF, Primeiro_Nome, Segundo_Nome, Sobrenome, Data_Nascimento, Endereco, Estado, Email, Celular, Sexo) values ('74754582798', 'Durante', 'Gilles', 'Snead', '2015/07/29', '95567188999', 'AL', 'gsnead2d@jiathis.com', '33587782260', 'Male');
insert into Cliente (CPF, Primeiro_Nome, Segundo_Nome, Sobrenome, Data_Nascimento, Endereco, Estado, Email, Celular, Sexo) values ('51334314387', 'Dun', 'Tripp', 'Crosson', '2013/01/04', '68439201373', 'WI', 'tcrosson2e@umich.edu', '02829631153', 'Male');
insert into Cliente (CPF, Primeiro_Nome, Segundo_Nome, Sobrenome, Data_Nascimento, Endereco, Estado, Email, Celular, Sexo) values ('56292242831', 'Meredeth', 'Horace', 'Hallworth', '1994/07/10', '38550641702', 'CA', 'hhallworth2f@ted.com', '72556313036', 'Male');
insert into Cliente (CPF, Primeiro_Nome, Segundo_Nome, Sobrenome, Data_Nascimento, Endereco, Estado, Email, Celular, Sexo) values ('63782914754', 'Bathsheba', 'Jessamyn', 'Musicka', '2015/03/08', '11854604436', 'IL', 'jmusicka2g@prnewswire.com', '90567983364', 'Female');
insert into Cliente (CPF, Primeiro_Nome, Segundo_Nome, Sobrenome, Data_Nascimento, Endereco, Estado, Email, Celular, Sexo) values ('91261092734', 'Doralynne', 'Fawne', 'Dossantos', '2001/12/28', '92793687353', 'GA', 'fdossantos2h@cargocollective.com', '47599563469', 'Female');
insert into Cliente (CPF, Primeiro_Nome, Segundo_Nome, Sobrenome, Data_Nascimento, Endereco, Estado, Email, Celular, Sexo) values ('95734362982', 'Pia', 'Christy', 'Dawkins', '2004/01/11', '10331383732', 'PA', 'cdawkins2i@fastcompany.com', '61374873238', 'Female');
insert into Cliente (CPF, Primeiro_Nome, Segundo_Nome, Sobrenome, Data_Nascimento, Endereco, Estado, Email, Celular, Sexo) values ('34935143301', 'Amitie', 'Doris', 'Claringbold', '2006/05/08', '48816693361', 'DC', 'dclaringbold2j@canalblog.com', '13103395005', 'Female');
insert into Cliente (CPF, Primeiro_Nome, Segundo_Nome, Sobrenome, Data_Nascimento, Endereco, Estado, Email, Celular, Sexo) values ('92762007891', 'Winnie', 'Janelle', 'Bousler', '1999/06/25', '68255655558', 'KS', 'jbousler2k@ifeng.com', '99076786686', 'Female');
insert into Cliente (CPF, Primeiro_Nome, Segundo_Nome, Sobrenome, Data_Nascimento, Endereco, Estado, Email, Celular, Sexo) values ('79907573545', 'Luelle', 'Rey', 'Rakestraw', '2001/02/03', '47687278357', 'DC', 'rrakestraw2l@hatena.ne.jp', '00286588933', 'Female');
insert into Cliente (CPF, Primeiro_Nome, Segundo_Nome, Sobrenome, Data_Nascimento, Endereco, Estado, Email, Celular, Sexo) values ('69885675034', 'Jud', 'Gilles', 'MacIan', '2021/02/04', '31304986427', 'CA', 'gmacian2m@360.cn', '41801109016', 'Male');
insert into Cliente (CPF, Primeiro_Nome, Segundo_Nome, Sobrenome, Data_Nascimento, Endereco, Estado, Email, Celular, Sexo) values ('67050920802', 'Marisa', 'Bobina', 'Coudray', '2019/01/09', '17023286622', 'VA', 'bcoudray2n@tmall.com', '23476592322', 'Female');
insert into Cliente (CPF, Primeiro_Nome, Segundo_Nome, Sobrenome, Data_Nascimento, Endereco, Estado, Email, Celular, Sexo) values ('26659516550', 'Alard', 'Edouard', 'Stockau', '2007/06/10', '63746821689', 'TX', 'estockau2o@cdbaby.com', '13472183520', 'Male');
insert into Cliente (CPF, Primeiro_Nome, Segundo_Nome, Sobrenome, Data_Nascimento, Endereco, Estado, Email, Celular, Sexo) values ('71397308339', 'Jayme', 'Roxanne', 'Isabell', '2009/12/09', '59546890793', 'CA', 'risabell2p@simplemachines.org', '10960776781', 'Female');
insert into Cliente (CPF, Primeiro_Nome, Segundo_Nome, Sobrenome, Data_Nascimento, Endereco, Estado, Email, Celular, Sexo) values ('92199198606', 'Adrea', 'Cheri', 'Obee', '1991/12/11', '19620352202', 'IA', 'cobee2q@senate.gov', '72617393614', 'Female');

SELECT * FROM Cliente;


# Produto


insert into Produto (ID, Nome, Descricao, Quantidade, Data_Validade, Peso, Custo, Valor_Venda, Categoria_Produto, Fornecedor_ID) values (1, 'Tea - Lemon Scented', 'qgahgkcqwpucwdkxfuaooka', 486, '2022/12/31', 3.87, 3.48, 7.23, 'Alimenticio', 19);
insert into Produto (ID, Nome, Descricao, Quantidade, Data_Validade, Peso, Custo, Valor_Venda, Categoria_Produto, Fornecedor_ID) values (2, 'Beans - Green', 'bgfrjhxgmmgldgzoaljhied', 319, '2022/12/22', 3.24, 1.69, 5.4, 'Alimenticio', 2);
insert into Produto (ID, Nome, Descricao, Quantidade, Data_Validade, Peso, Custo, Valor_Venda, Categoria_Produto, Fornecedor_ID) values (3, 'Aspic - Clear', 'cjgopzogshuzdtyesiykuyd', 321, '2023/01/05', 2.18, 2.38, 5.14, 'Alimenticio', 1);
insert into Produto (ID, Nome, Descricao, Quantidade, Data_Validade, Peso, Custo, Valor_Venda, Categoria_Produto, Fornecedor_ID) values (4, 'Pork Salted Bellies', 'pkdvgbpwudrwjcyjmcyvmfm', 467, '2022/12/01', 1.42, 4.3, 9.83, 'Alimenticio', 14);
insert into Produto (ID, Nome, Descricao, Quantidade, Data_Validade, Peso, Custo, Valor_Venda, Categoria_Produto, Fornecedor_ID) values (5, 'Appetizer - Cheese Bites', 'xfavwlrwlpuksgpdftjjkxg', 298, '2023/01/06', 1.01, 2.08, 6.24, 'Alimenticio', 1);
insert into Produto (ID, Nome, Descricao, Quantidade, Data_Validade, Peso, Custo, Valor_Venda, Categoria_Produto, Fornecedor_ID) values (6, 'Bread - Multigrain', 'famzbnpfalugspemjorgwfz', 406, '2023/01/12', 1.39, 1.92, 9.35, 'Alimenticio', 17);
insert into Produto (ID, Nome, Descricao, Quantidade, Data_Validade, Peso, Custo, Valor_Venda, Categoria_Produto, Fornecedor_ID) values (7, 'Squeeze Bottle', 'gkvjrwpumgdeeanuyhvothc', 270, '2023/02/17', 1.2, 4.14, 8.91, 'Alimenticio', 18);
insert into Produto (ID, Nome, Descricao, Quantidade, Data_Validade, Peso, Custo, Valor_Venda, Categoria_Produto, Fornecedor_ID) values (8, 'Cake - Night And Day Choclate', 'vjbtvgphyoapyaosrloexxq', 287, '2022/11/24', 2.91, 4.33, 8.77, 'Alimenticio', 12);
insert into Produto (ID, Nome, Descricao, Quantidade, Data_Validade, Peso, Custo, Valor_Venda, Categoria_Produto, Fornecedor_ID) values (9, 'Dried Cranberries', 'dkviglnadsxsssggftpdylt', 276, '2023/01/06', 4.86, 1.24, 6.91, 'Alimenticio', 18);
insert into Produto (ID, Nome, Descricao, Quantidade, Data_Validade, Peso, Custo, Valor_Venda, Categoria_Produto, Fornecedor_ID) values (10, 'Tarragon - Primerba, Paste', 'pjjmtrolqagfuxybxovlcwm', 423, '2023/04/21', 3.63, 1.58, 6.86, 'Alimenticio', 9);
insert into Produto (ID, Nome, Descricao, Quantidade, Data_Validade, Peso, Custo, Valor_Venda, Categoria_Produto, Fornecedor_ID) values (11, 'Cup - 8oz Coffee Perforated', 'ywkzuqbjkkybqmvhaffiowd', 443, '2023/04/27', 4.77, 1.4, 8.97, 'Alimenticio', 14);
insert into Produto (ID, Nome, Descricao, Quantidade, Data_Validade, Peso, Custo, Valor_Venda, Categoria_Produto, Fornecedor_ID) values (12, 'Juice Peach Nectar', 'gvzxljdmeabulhzqvylcgga', 356, '2023/03/14', 2.81, 4.58, 5.38, 'Alimenticio', 20);
insert into Produto (ID, Nome, Descricao, Quantidade, Data_Validade, Peso, Custo, Valor_Venda, Categoria_Produto, Fornecedor_ID) values (13, 'Guava', 'zugnyiagfekvikhhcxxfycd', 399, '2023/04/19', 4.85, 3.69, 8.34, 'Alimenticio', 10);
insert into Produto (ID, Nome, Descricao, Quantidade, Data_Validade, Peso, Custo, Valor_Venda, Categoria_Produto, Fornecedor_ID) values (14, 'Cinnamon Buns Sticky', 'vxcnlviugqaqkvvtomidvaq', 226, '2023/05/03', 2.82, 1.29, 5.83, 'Alimenticio', 8);
insert into Produto (ID, Nome, Descricao, Quantidade, Data_Validade, Peso, Custo, Valor_Venda, Categoria_Produto, Fornecedor_ID) values (15, 'Soup - Knorr, Country Bean', 'izhhvfjhqdxolkifkfxizms', 485, '2023/05/26', 3.21, 4.31, 5.04, 'Alimenticio', 12);
insert into Produto (ID, Nome, Descricao, Quantidade, Data_Validade, Peso, Custo, Valor_Venda, Categoria_Produto, Fornecedor_ID) values (16, 'Chocolate - Milk, Callets', 'mecalksichyayqzbyajjyzz', 265, '2022/12/27', 3.78, 3.84, 6.21, 'Alimenticio', 11);
insert into Produto (ID, Nome, Descricao, Quantidade, Data_Validade, Peso, Custo, Valor_Venda, Categoria_Produto, Fornecedor_ID) values (17, 'Soup - Cream Of Broccoli, Dry', 'hscqemnmgyalzhbswbjcpqm', 315, '2023/01/17', 4.85, 2.29, 6.01, 'Alimenticio', 19);
insert into Produto (ID, Nome, Descricao, Quantidade, Data_Validade, Peso, Custo, Valor_Venda, Categoria_Produto, Fornecedor_ID) values (18, 'Crackers - Graham', 'rgjoffmgxmrnjhafbgnepfm', 420, '2023/03/02', 1.78, 3.9, 6.29, 'Alimenticio', 3);
insert into Produto (ID, Nome, Descricao, Quantidade, Data_Validade, Peso, Custo, Valor_Venda, Categoria_Produto, Fornecedor_ID) values (19, 'Onions - Cooking', 'zfxihqizsesbgvuerkklpoc', 234, '2022/12/20', 2.33, 3.94, 7.36, 'Alimenticio', 24);
insert into Produto (ID, Nome, Descricao, Quantidade, Data_Validade, Peso, Custo, Valor_Venda, Categoria_Produto, Fornecedor_ID) values (20, 'Cherries - Frozen', 'tbtayjerjsbcniphxzmqras', 354, '2023/03/24', 4.51, 4.08, 8.81, 'Alimenticio', 18);
insert into Produto (ID, Nome, Descricao, Quantidade, Data_Validade, Peso, Custo, Valor_Venda, Categoria_Produto, Fornecedor_ID) values (21, 'Sausage - Breakfast', 'nheefhnqkbbpwnqnjrtpeic', 443, '2023/02/27', 2.81, 4.45, 9.83, 'Alimenticio', 22);
insert into Produto (ID, Nome, Descricao, Quantidade, Data_Validade, Peso, Custo, Valor_Venda, Categoria_Produto, Fornecedor_ID) values (22, 'Carbonated Water - Blackcherry', 'wxygxmpzhadhflrienlmjtu', 332, '2023/03/06', 1.69, 2.23, 9.83, 'Alimenticio', 14);
insert into Produto (ID, Nome, Descricao, Quantidade, Data_Validade, Peso, Custo, Valor_Venda, Categoria_Produto, Fornecedor_ID) values (23, 'Raisin - Dark', 'kefcqlsaxmbdahpmxapbyzt', 351, '2023/03/25', 3.08, 2.45, 7.02, 'Alimenticio', 22);
insert into Produto (ID, Nome, Descricao, Quantidade, Data_Validade, Peso, Custo, Valor_Venda, Categoria_Produto, Fornecedor_ID) values (24, 'Pineapple - Regular', 'mcvjbvsohjmjkshrrailnwm', 220, '2023/03/14', 3.53, 4.68, 6.76, 'Alimenticio', 6);
insert into Produto (ID, Nome, Descricao, Quantidade, Data_Validade, Peso, Custo, Valor_Venda, Categoria_Produto, Fornecedor_ID) values (25, 'Shiro Miso', 'gcvcnlfralckoltvrrzpqjm', 425, '2023/03/24', 4.77, 3.06, 8.28, 'Alimenticio', 2);
insert into Produto (ID, Nome, Descricao, Quantidade, Data_Validade, Peso, Custo, Valor_Venda, Categoria_Produto, Fornecedor_ID) values (26, 'Pepper - Chilli Seeds Mild', 'ohiuhexkqxzwhazstwdwbwe', 465, '2023/04/10', 2.31, 4.79, 7.0, 'Alimenticio', 7);
insert into Produto (ID, Nome, Descricao, Quantidade, Data_Validade, Peso, Custo, Valor_Venda, Categoria_Produto, Fornecedor_ID) values (27, 'Pasta - Lasagna Noodle, Frozen', 'itmjwwingvzcqnqaxkfvjxx', 332, '2023/01/05', 2.95, 4.43, 6.55, 'Alimenticio', 19);
insert into Produto (ID, Nome, Descricao, Quantidade, Data_Validade, Peso, Custo, Valor_Venda, Categoria_Produto, Fornecedor_ID) values (28, 'Scallops - 10/20', 'aspgfczuedoktgqwdzdfblu', 496, '2023/02/21', 4.05, 2.22, 9.4, 'Alimenticio', 8);
insert into Produto (ID, Nome, Descricao, Quantidade, Data_Validade, Peso, Custo, Valor_Venda, Categoria_Produto, Fornecedor_ID) values (29, 'Energy Drink - Franks Pineapple', 'gcnxnfsyaozdogtkmigtllx', 470, '2023/02/11', 2.98, 4.97, 9.41, 'Alimenticio', 23);
insert into Produto (ID, Nome, Descricao, Quantidade, Data_Validade, Peso, Custo, Valor_Venda, Categoria_Produto, Fornecedor_ID) values (30, 'Cotton Wet Mop 16 Oz', 'dntgpcolapziyacpmddeyyc', 302, '2023/05/17', 3.53, 2.68, 7.95, 'Alimenticio', 9);
insert into Produto (ID, Nome, Descricao, Quantidade, Data_Validade, Peso, Custo, Valor_Venda, Categoria_Produto, Fornecedor_ID) values (31, 'Wine - Chateauneuf Du Pape', 'eywpywdkgpsqbzjiidpgtdu', 249, '2023/02/13', 3.46, 3.4, 9.34, 'Alimenticio', 21);
insert into Produto (ID, Nome, Descricao, Quantidade, Data_Validade, Peso, Custo, Valor_Venda, Categoria_Produto, Fornecedor_ID) values (32, 'Foam Cup 6 Oz', 'anojcymkezpgxethtacfdsd', 401, '2023/01/11', 1.53, 1.4, 7.22, 'Alimenticio', 2);
insert into Produto (ID, Nome, Descricao, Quantidade, Data_Validade, Peso, Custo, Valor_Venda, Categoria_Produto, Fornecedor_ID) values (33, 'Sandwich Wrap', 'zpwfaofylusgjkydewdbgxz', 248, '2023/01/17', 3.22, 3.05, 9.66, 'Alimenticio', 18);
insert into Produto (ID, Nome, Descricao, Quantidade, Data_Validade, Peso, Custo, Valor_Venda, Categoria_Produto, Fornecedor_ID) values (34, 'Cinnamon Rolls', 'sbdazueegiwkpglxejdjzpy', 203, '2023/05/30', 4.99, 2.75, 5.55, 'Alimenticio', 1);
insert into Produto (ID, Nome, Descricao, Quantidade, Data_Validade, Peso, Custo, Valor_Venda, Categoria_Produto, Fornecedor_ID) values (35, 'Oil - Olive Bertolli', 'ogzjonvzrxldrwlrqwezazi', 220, '2022/12/25', 4.47, 4.24, 8.76, 'Alimenticio', 20);
insert into Produto (ID, Nome, Descricao, Quantidade, Data_Validade, Peso, Custo, Valor_Venda, Categoria_Produto, Fornecedor_ID) values (36, 'Sugar - Cubes', 'mvetrccdztipjcxvccxqcet', 204, '2022/11/28', 3.3, 3.55, 6.33, 'Alimenticio', 24);
insert into Produto (ID, Nome, Descricao, Quantidade, Data_Validade, Peso, Custo, Valor_Venda, Categoria_Produto, Fornecedor_ID) values (37, 'Longan', 'qplsewyfdzlpuyduiyvvvlj', 253, '2022/12/14', 4.72, 2.09, 9.79, 'Alimenticio', 10);
insert into Produto (ID, Nome, Descricao, Quantidade, Data_Validade, Peso, Custo, Valor_Venda, Categoria_Produto, Fornecedor_ID) values (38, 'Pastry - Banana Muffin - Mini', 'gcrkfmmmahckkpjwjxpfrcn', 470, '2023/01/19', 4.14, 1.43, 8.21, 'Alimenticio', 2);
insert into Produto (ID, Nome, Descricao, Quantidade, Data_Validade, Peso, Custo, Valor_Venda, Categoria_Produto, Fornecedor_ID) values (39, 'Garbag Bags - Black', 'qcvqcjmmwskimafeosvjzvm', 245, '2023/02/01', 1.31, 4.63, 5.51, 'Alimenticio', 14);
insert into Produto (ID, Nome, Descricao, Quantidade, Data_Validade, Peso, Custo, Valor_Venda, Categoria_Produto, Fornecedor_ID) values (40, 'Wine - White, Riesling, Henry Of', 'vmvocggwivrzeiagykrulld', 315, '2023/03/06', 4.06, 4.3, 6.07, 'Alimenticio', 13);
insert into Produto (ID, Nome, Descricao, Quantidade, Data_Validade, Peso, Custo, Valor_Venda, Categoria_Produto, Fornecedor_ID) values (41, 'Juice - Cranberry, 341 Ml', 'wucklorvgwmygfhagsmdrlu', 455, '2022/12/18', 3.69, 2.27, 8.78, 'Alimenticio', 11);
insert into Produto (ID, Nome, Descricao, Quantidade, Data_Validade, Peso, Custo, Valor_Venda, Categoria_Produto, Fornecedor_ID) values (42, 'Salt - Rock, Course', 'ezgycqzjuvcgbinyxkpatmn', 479, '2022/12/29', 1.17, 4.11, 8.33, 'Alimenticio', 17);
insert into Produto (ID, Nome, Descricao, Quantidade, Data_Validade, Peso, Custo, Valor_Venda, Categoria_Produto, Fornecedor_ID) values (43, 'Flavouring - Raspberry', 'rzhqynttglbesujwiqryuon', 224, '2023/05/24', 3.01, 4.75, 7.69, 'Alimenticio', 7);
insert into Produto (ID, Nome, Descricao, Quantidade, Data_Validade, Peso, Custo, Valor_Venda, Categoria_Produto, Fornecedor_ID) values (44, 'Bread - Triangle White', 'nemmcbzpinkvliosmlymoew', 252, '2023/05/12', 2.54, 1.69, 8.7, 'Alimenticio', 1);
insert into Produto (ID, Nome, Descricao, Quantidade, Data_Validade, Peso, Custo, Valor_Venda, Categoria_Produto, Fornecedor_ID) values (45, 'Appetizer - Mushroom Tart', 'rxkywrlmnjdxyjctktizrdd', 265, '2023/01/17', 2.19, 1.78, 6.89, 'Alimenticio', 2);
insert into Produto (ID, Nome, Descricao, Quantidade, Data_Validade, Peso, Custo, Valor_Venda, Categoria_Produto, Fornecedor_ID) values (46, 'Pasta - Fettuccine, Dry', 'cibucktubmababatkktukrd', 269, '2023/02/06', 2.3, 4.11, 6.6, 'Alimenticio', 19);
insert into Produto (ID, Nome, Descricao, Quantidade, Data_Validade, Peso, Custo, Valor_Venda, Categoria_Produto, Fornecedor_ID) values (47, 'Beef - Ox Tongue, Pickled', 'vcbhlusayvbvcnpokgfepbf', 235, '2023/02/01', 2.22, 2.7, 6.95, 'Alimenticio', 11);
insert into Produto (ID, Nome, Descricao, Quantidade, Data_Validade, Peso, Custo, Valor_Venda, Categoria_Produto, Fornecedor_ID) values (48, 'Veal Inside - Provimi', 'ilkfbjsowqltdyiggyslyhj', 275, '2023/02/02', 2.94, 4.59, 8.9, 'Alimenticio', 13);
insert into Produto (ID, Nome, Descricao, Quantidade, Data_Validade, Peso, Custo, Valor_Venda, Categoria_Produto, Fornecedor_ID) values (49, 'Chicken - Bones', 'lecxjwojrujcfumjohcsigl', 398, '2023/01/13', 2.01, 1.22, 7.46, 'Alimenticio', 8);
insert into Produto (ID, Nome, Descricao, Quantidade, Data_Validade, Peso, Custo, Valor_Venda, Categoria_Produto, Fornecedor_ID) values (50, 'Tart Shells - Sweet, 3', 'plxbxnscqhxrbqnpxydaswq', 317, '2023/04/22', 4.38, 2.78, 6.13, 'Alimenticio', 13);
insert into Produto (ID, Nome, Descricao, Quantidade, Data_Validade, Peso, Custo, Valor_Venda, Categoria_Produto, Fornecedor_ID) values (51, 'Vinegar - White Wine', 'nvsypeuszlypycfifpvlipz', 436, '2023/05/27', 3.01, 2.84, 9.29, 'Alimenticio', 10);
insert into Produto (ID, Nome, Descricao, Quantidade, Data_Validade, Peso, Custo, Valor_Venda, Categoria_Produto, Fornecedor_ID) values (52, 'Pepper - Jalapeno', 'khnrtiobahmurueiygfjyhu', 264, '2023/02/12', 4.33, 4.54, 8.03, 'Alimenticio', 11);
insert into Produto (ID, Nome, Descricao, Quantidade, Data_Validade, Peso, Custo, Valor_Venda, Categoria_Produto, Fornecedor_ID) values (53, 'Ice Cream Bar - Oreo Sandwich', 'akpttwxfbjxckhgdhoiyite', 345, '2023/03/18', 3.34, 1.16, 7.81, 'Alimenticio', 23);
insert into Produto (ID, Nome, Descricao, Quantidade, Data_Validade, Peso, Custo, Valor_Venda, Categoria_Produto, Fornecedor_ID) values (54, 'Apple - Delicious, Golden', 'mdpncdrmghxirzuommnywkw', 353, '2022/12/04', 1.04, 4.69, 7.74, 'Alimenticio', 3);
insert into Produto (ID, Nome, Descricao, Quantidade, Data_Validade, Peso, Custo, Valor_Venda, Categoria_Produto, Fornecedor_ID) values (55, 'Wine - Vidal Icewine Magnotta', 'hfoqoagtxndgxgglayojuhs', 228, '2023/01/14', 2.08, 4.89, 8.9, 'Alimenticio', 16);
insert into Produto (ID, Nome, Descricao, Quantidade, Data_Validade, Peso, Custo, Valor_Venda, Categoria_Produto, Fornecedor_ID) values (56, 'Cookie Choc', 'rzlghvfcvihrqjibuudqflc', 274, '2023/04/11', 2.12, 4.59, 8.51, 'Alimenticio', 12);
insert into Produto (ID, Nome, Descricao, Quantidade, Data_Validade, Peso, Custo, Valor_Venda, Categoria_Produto, Fornecedor_ID) values (57, 'Crackers - Water', 'olqfxnlugesvbgsqieyamuf', 476, '2023/01/01', 4.12, 1.19, 6.98, 'Alimenticio', 25);
insert into Produto (ID, Nome, Descricao, Quantidade, Data_Validade, Peso, Custo, Valor_Venda, Categoria_Produto, Fornecedor_ID) values (58, 'Cream - 10%', 'tnxgdyteghityxbziypwcyp', 488, '2023/04/07', 4.79, 1.38, 7.62, 'Alimenticio', 5);
insert into Produto (ID, Nome, Descricao, Quantidade, Data_Validade, Peso, Custo, Valor_Venda, Categoria_Produto, Fornecedor_ID) values (59, 'Pasta - Lasagna, Dry', 'pxdqqysepqeepgwmhzezjxc', 285, '2023/04/06', 1.32, 3.93, 5.32, 'Alimenticio', 12);
insert into Produto (ID, Nome, Descricao, Quantidade, Data_Validade, Peso, Custo, Valor_Venda, Categoria_Produto, Fornecedor_ID) values (60, 'Coffee Cup 12oz 5342cd', 'aoxyxijdqihiwxdtkvjcylj', 486, '2022/12/28', 2.71, 2.78, 9.56, 'Alimenticio', 13);
insert into Produto (ID, Nome, Descricao, Quantidade, Data_Validade, Peso, Custo, Valor_Venda, Categoria_Produto, Fornecedor_ID) values (61, 'Muffin Mix - Chocolate Chip', 'ffhwiqopdgopszpdjrnqbrd', 447, '2023/02/25', 4.5, 2.3, 6.37, 'Alimenticio', 16);
insert into Produto (ID, Nome, Descricao, Quantidade, Data_Validade, Peso, Custo, Valor_Venda, Categoria_Produto, Fornecedor_ID) values (62, 'Table Cloth 81x81 Colour', 'izlbzerzgqfeczpcrabiena', 320, '2023/04/24', 2.94, 1.8, 6.24, 'Alimenticio', 1);
insert into Produto (ID, Nome, Descricao, Quantidade, Data_Validade, Peso, Custo, Valor_Venda, Categoria_Produto, Fornecedor_ID) values (63, 'Bread - White, Sliced', 'vwymytcseqgnqlcdfcgctno', 401, '2023/02/07', 4.15, 1.46, 7.42, 'Alimenticio', 6);
insert into Produto (ID, Nome, Descricao, Quantidade, Data_Validade, Peso, Custo, Valor_Venda, Categoria_Produto, Fornecedor_ID) values (64, 'Black Currants', 'iugcnczzmmrybbwmrqiveui', 481, '2023/04/03', 4.33, 3.7, 5.72, 'Alimenticio', 9);
insert into Produto (ID, Nome, Descricao, Quantidade, Data_Validade, Peso, Custo, Valor_Venda, Categoria_Produto, Fornecedor_ID) values (65, 'Bagelers - Cinn / Brown', 'cwqgxhbqqucotpnefmcklbs', 467, '2023/03/16', 1.88, 2.65, 6.51, 'Alimenticio', 15);
insert into Produto (ID, Nome, Descricao, Quantidade, Data_Validade, Peso, Custo, Valor_Venda, Categoria_Produto, Fornecedor_ID) values (66, 'Pork - Side Ribs', 'zzgcgvsdateywiwmtkrtnvq', 231, '2022/12/04', 3.0, 3.48, 7.17, 'Alimenticio', 25);
insert into Produto (ID, Nome, Descricao, Quantidade, Data_Validade, Peso, Custo, Valor_Venda, Categoria_Produto, Fornecedor_ID) values (67, 'Wine - Cotes Du Rhone', 'jksspokpxskqwlhoueumdwz', 304, '2023/04/18', 3.36, 4.9, 5.53, 'Alimenticio', 20);
insert into Produto (ID, Nome, Descricao, Quantidade, Data_Validade, Peso, Custo, Valor_Venda, Categoria_Produto, Fornecedor_ID) values (68, 'Puree - Guava', 'hbmpoudiefonjmwukdukvep', 416, '2023/04/01', 1.35, 4.18, 6.54, 'Alimenticio', 14);
insert into Produto (ID, Nome, Descricao, Quantidade, Data_Validade, Peso, Custo, Valor_Venda, Categoria_Produto, Fornecedor_ID) values (69, 'Wine - Chablis 2003 Champs', 'rtjrafkycelooodmkqrkmjd', 451, '2023/04/29', 3.24, 4.48, 8.18, 'Alimenticio', 14);
insert into Produto (ID, Nome, Descricao, Quantidade, Data_Validade, Peso, Custo, Valor_Venda, Categoria_Produto, Fornecedor_ID) values (70, 'Bread - White, Unsliced', 'qyxxztikvlyuqkjcsvwvosa', 326, '2022/12/24', 4.74, 1.46, 6.7, 'Alimenticio', 13);
insert into Produto (ID, Nome, Descricao, Quantidade, Data_Validade, Peso, Custo, Valor_Venda, Categoria_Produto, Fornecedor_ID) values (71, 'Lettuce - Mini Greens, Whole', 'zwznkuykgmissdmxprfvdpv', 255, '2023/04/09', 2.66, 4.27, 7.17, 'Alimenticio', 4);
insert into Produto (ID, Nome, Descricao, Quantidade, Data_Validade, Peso, Custo, Valor_Venda, Categoria_Produto, Fornecedor_ID) values (72, 'Wine - Rhine Riesling Wolf Blass', 'upubmbqpokhsjsutalggvrp', 446, '2023/01/17', 4.02, 3.02, 6.13, 'Alimenticio', 18);
insert into Produto (ID, Nome, Descricao, Quantidade, Data_Validade, Peso, Custo, Valor_Venda, Categoria_Produto, Fornecedor_ID) values (73, 'French Pastries', 'otzgpmnrwtawrocrdncxcyz', 429, '2023/01/29', 4.14, 1.38, 6.23, 'Alimenticio', 6);
insert into Produto (ID, Nome, Descricao, Quantidade, Data_Validade, Peso, Custo, Valor_Venda, Categoria_Produto, Fornecedor_ID) values (74, 'Caviar - Salmon', 'arsjmgfyqhnbtkznojfvlxw', 494, '2022/11/30', 1.3, 3.21, 8.61, 'Alimenticio', 17);
insert into Produto (ID, Nome, Descricao, Quantidade, Data_Validade, Peso, Custo, Valor_Venda, Categoria_Produto, Fornecedor_ID) values (75, 'Cookie - Oatmeal', 'qvkmndemwzdwwplwubnqawn', 257, '2023/05/10', 2.9, 2.83, 9.91, 'Alimenticio', 21);
insert into Produto (ID, Nome, Descricao, Quantidade, Data_Validade, Peso, Custo, Valor_Venda, Categoria_Produto, Fornecedor_ID) values (76, 'Bread - Italian Sesame Poly', 'zgvrniwjvcbaffepbnajdih', 318, '2023/05/11', 3.05, 2.36, 9.45, 'Alimenticio', 4);
insert into Produto (ID, Nome, Descricao, Quantidade, Data_Validade, Peso, Custo, Valor_Venda, Categoria_Produto, Fornecedor_ID) values (77, 'Doilies - 5, Paper', 'kvblmirrpsmtchxgwkrcydu', 421, '2023/02/21', 4.26, 1.35, 5.34, 'Alimenticio', 21);
insert into Produto (ID, Nome, Descricao, Quantidade, Data_Validade, Peso, Custo, Valor_Venda, Categoria_Produto, Fornecedor_ID) values (78, 'Pork - Loin, Center Cut', 'exqdxjvvylhtgdseudbwvjb', 423, '2023/02/21', 1.54, 2.93, 9.8, 'Alimenticio', 11);
insert into Produto (ID, Nome, Descricao, Quantidade, Data_Validade, Peso, Custo, Valor_Venda, Categoria_Produto, Fornecedor_ID) values (79, 'Pasta - Lasagna, Dry', 'gkyzzgfzuwwrhoznfycnwgs', 225, '2023/02/27', 1.71, 1.64, 6.93, 'Alimenticio', 23);
insert into Produto (ID, Nome, Descricao, Quantidade, Data_Validade, Peso, Custo, Valor_Venda, Categoria_Produto, Fornecedor_ID) values (80, 'Soup - Chicken And Wild Rice', 'bqpusolswvlikjsgtrzjjyd', 260, '2023/05/09', 3.24, 2.37, 8.63, 'Alimenticio', 18);
insert into Produto (ID, Nome, Descricao, Quantidade, Data_Validade, Peso, Custo, Valor_Venda, Categoria_Produto, Fornecedor_ID) values (81, 'Whmis - Spray Bottle Trigger', 'opbtciiarebeyjomnerjpbu', 292, '2023/04/08', 1.12, 3.5, 9.65, 'Alimenticio', 16);
insert into Produto (ID, Nome, Descricao, Quantidade, Data_Validade, Peso, Custo, Valor_Venda, Categoria_Produto, Fornecedor_ID) values (82, 'Tray - 12in Rnd Blk', 'ydqbxqpfxrjdoeziswbldff', 217, '2023/03/12', 1.95, 3.97, 8.77, 'Alimenticio', 1);
insert into Produto (ID, Nome, Descricao, Quantidade, Data_Validade, Peso, Custo, Valor_Venda, Categoria_Produto, Fornecedor_ID) values (83, 'Soup - Campbells, Lentil', 'dawpjbzmvkthetdrxtgkcyo', 216, '2023/01/30', 3.61, 1.89, 9.78, 'Alimenticio', 14);
insert into Produto (ID, Nome, Descricao, Quantidade, Data_Validade, Peso, Custo, Valor_Venda, Categoria_Produto, Fornecedor_ID) values (84, 'Longos - Assorted Sandwich', 'tbculgqpiyhyrkmrzafbjxg', 204, '2023/03/27', 4.22, 2.28, 5.29, 'Alimenticio', 5);
insert into Produto (ID, Nome, Descricao, Quantidade, Data_Validade, Peso, Custo, Valor_Venda, Categoria_Produto, Fornecedor_ID) values (85, 'Cup - Translucent 7 Oz Clear', 'iqbbabogeyaxkzhogaszcwv', 395, '2023/04/11', 4.7, 4.31, 5.35, 'Alimenticio', 23);
insert into Produto (ID, Nome, Descricao, Quantidade, Data_Validade, Peso, Custo, Valor_Venda, Categoria_Produto, Fornecedor_ID) values (86, 'Bread - Rye', 'mwrmolpzbwdtqvtqwmdivgf', 288, '2023/03/15', 2.89, 1.97, 9.07, 'Alimenticio', 2);
insert into Produto (ID, Nome, Descricao, Quantidade, Data_Validade, Peso, Custo, Valor_Venda, Categoria_Produto, Fornecedor_ID) values (87, 'Wine - Masi Valpolocell', 'czquncjgaicofpxvuorvzlu', 457, '2023/03/31', 2.35, 3.06, 6.16, 'Alimenticio', 5);
insert into Produto (ID, Nome, Descricao, Quantidade, Data_Validade, Peso, Custo, Valor_Venda, Categoria_Produto, Fornecedor_ID) values (88, 'Pepper - Pablano', 'mkematehyhojffqblilhqlx', 250, '2023/05/22', 2.56, 3.2, 7.81, 'Alimenticio', 17);
insert into Produto (ID, Nome, Descricao, Quantidade, Data_Validade, Peso, Custo, Valor_Venda, Categoria_Produto, Fornecedor_ID) values (89, 'Trout - Rainbow, Fresh', 'cjzfcajnhdyrllbdigdioos', 276, '2023/04/10', 3.9, 2.57, 7.22, 'Alimenticio', 24);
insert into Produto (ID, Nome, Descricao, Quantidade, Data_Validade, Peso, Custo, Valor_Venda, Categoria_Produto, Fornecedor_ID) values (90, 'Water - Spring Water 500ml', 'rkqfgzhmdqayptncbrdystz', 376, '2023/01/05', 2.13, 4.31, 6.96, 'Alimenticio', 14);
insert into Produto (ID, Nome, Descricao, Quantidade, Data_Validade, Peso, Custo, Valor_Venda, Categoria_Produto, Fornecedor_ID) values (91, 'Cloves - Whole', 'bdepfwkhlesbjjbsdmpmjxv', 200, '2022/12/06', 2.53, 1.16, 5.73, 'Alimenticio', 9);
insert into Produto (ID, Nome, Descricao, Quantidade, Data_Validade, Peso, Custo, Valor_Venda, Categoria_Produto, Fornecedor_ID) values (92, 'Straws - Cocktale', 'kkiyclsdsnfqtzcrndystez', 299, '2023/03/01', 3.12, 1.94, 7.14, 'Alimenticio', 2);
insert into Produto (ID, Nome, Descricao, Quantidade, Data_Validade, Peso, Custo, Valor_Venda, Categoria_Produto, Fornecedor_ID) values (93, 'Strawberries', 'nbnekzraxzvahiwnlwdhvfo', 353, '2023/02/09', 1.99, 1.02, 7.1, 'Alimenticio', 3);
insert into Produto (ID, Nome, Descricao, Quantidade, Data_Validade, Peso, Custo, Valor_Venda, Categoria_Produto, Fornecedor_ID) values (94, 'Shrimp - Tiger 21/25', 'tzowwydtnkabsgltrpemgvv', 432, '2023/02/01', 3.31, 3.77, 8.77, 'Alimenticio', 20);
insert into Produto (ID, Nome, Descricao, Quantidade, Data_Validade, Peso, Custo, Valor_Venda, Categoria_Produto, Fornecedor_ID) values (95, 'Pasta - Fett Alfredo, Single Serve', 'cwuakmfmlojqvytlzqonjvd', 376, '2023/01/15', 2.28, 1.37, 7.09, 'Alimenticio', 12);
insert into Produto (ID, Nome, Descricao, Quantidade, Data_Validade, Peso, Custo, Valor_Venda, Categoria_Produto, Fornecedor_ID) values (96, 'Crab - Meat', 'wlyqebviwxkjusxzliwchcm', 256, '2023/02/22', 4.38, 1.79, 5.16, 'Alimenticio', 1);
insert into Produto (ID, Nome, Descricao, Quantidade, Data_Validade, Peso, Custo, Valor_Venda, Categoria_Produto, Fornecedor_ID) values (97, 'Cake - Box Window 10x10x2.5', 'gxmzgmbgwaholkqmtragziq', 444, '2022/12/26', 1.64, 3.51, 5.59, 'Alimenticio', 13);
insert into Produto (ID, Nome, Descricao, Quantidade, Data_Validade, Peso, Custo, Valor_Venda, Categoria_Produto, Fornecedor_ID) values (98, 'Parsley - Dried', 'lhkikuelharoygsbexsqjnb', 495, '2023/03/02', 1.83, 3.12, 8.31, 'Alimenticio', 13);
insert into Produto (ID, Nome, Descricao, Quantidade, Data_Validade, Peso, Custo, Valor_Venda, Categoria_Produto, Fornecedor_ID) values (99, 'Stock - Veal, White', 'dauubejclswqwzmrizevkcn', 357, '2022/12/31', 3.01, 1.24, 7.74, 'Alimenticio', 20);

select * from Produto;

# Vendedor

insert into Vendedor (ID, CPF, Primeiro_nome, Segundo_nome, Sobrenome, Salario, Data_nascimento, Celular, Sexo) values (1, '30434231944', 'Gavrielle', 'Corina', 'De Lisle', 1991, '2022/08/05', '657738963', 'Female');
insert into Vendedor (ID, CPF, Primeiro_nome, Segundo_nome, Sobrenome, Salario, Data_nascimento, Celular, Sexo) values (2, '70269933757', 'Findlay', 'Mathe', 'Marks', 1980, '2021/11/29', '630462041', 'Male');
insert into Vendedor (ID, CPF, Primeiro_nome, Segundo_nome, Sobrenome, Salario, Data_nascimento, Celular, Sexo) values (3, '41149708841', 'Melany', 'Biddy', 'Jakubovski', 2406, '2020/05/04', '123564953', 'Female');
insert into Vendedor (ID, CPF, Primeiro_nome, Segundo_nome, Sobrenome, Salario, Data_nascimento, Celular, Sexo) values (4, '25404557335', 'David', 'Gifford', 'Brunger', 2277, '2021/02/10', '112430334', 'Male');
insert into Vendedor (ID, CPF, Primeiro_nome, Segundo_nome, Sobrenome, Salario, Data_nascimento, Celular, Sexo) values (5, '48676329801', 'Fifi', 'Jeannine', 'Ansell', 2110, '2022/01/05', '262439737', 'Female');


select * from Vendedor;

insert into Nota_Venda (ID_Venda, Vendedor_ID, Cliente_CPF, Data_Compra, Quantidade) values (1, 1, '45803681724', '2022/07/31', 8);
insert into Nota_Venda (ID_Venda, Vendedor_ID, Cliente_CPF, Data_Compra, Quantidade) values (2, 5, '03019296533', '2022/10/10', 6);
insert into Nota_Venda (ID_Venda, Vendedor_ID, Cliente_CPF, Data_Compra, Quantidade) values (3, 3, '21832977723', '2022/05/05', 10);
insert into Nota_Venda (ID_Venda, Vendedor_ID, Cliente_CPF, Data_Compra, Quantidade) values (4, 5, '21832977723', '2022/10/03', 4);
insert into Nota_Venda (ID_Venda, Vendedor_ID, Cliente_CPF, Data_Compra, Quantidade) values (5, 4, '30442459980', '2022/11/04', 2);
insert into Nota_Venda (ID_Venda, Vendedor_ID, Cliente_CPF, Data_Compra, Quantidade) values (6, 2, '30442459980', '2022/09/29', 5);
insert into Nota_Venda (ID_Venda, Vendedor_ID, Cliente_CPF, Data_Compra, Quantidade) values (7, 5, '30442459980', '2021/12/28', 4);
insert into Nota_Venda (ID_Venda, Vendedor_ID, Cliente_CPF, Data_Compra, Quantidade) values (8, 2, '52708713051', '2022/09/05', 8);
insert into Nota_Venda (ID_Venda, Vendedor_ID, Cliente_CPF, Data_Compra, Quantidade) values (9, 3, '52708713051', '2022/04/19', 2);
insert into Nota_Venda (ID_Venda, Vendedor_ID, Cliente_CPF, Data_Compra, Quantidade) values (10, 3, '52708713051', '2022/10/06', 5);
insert into Nota_Venda (ID_Venda, Vendedor_ID, Cliente_CPF, Data_Compra, Quantidade) values (11, 1, '52708713051', '2022/05/10', 1);
insert into Nota_Venda (ID_Venda, Vendedor_ID, Cliente_CPF, Data_Compra, Quantidade) values (12, 4, '79215655133', '2021/12/31', 1);
insert into Nota_Venda (ID_Venda, Vendedor_ID, Cliente_CPF, Data_Compra, Quantidade) values (13, 3, '75277217698', '2022/02/03', 2);
insert into Nota_Venda (ID_Venda, Vendedor_ID, Cliente_CPF, Data_Compra, Quantidade) values (14, 3, '75277217698', '2022/07/06', 1);
insert into Nota_Venda (ID_Venda, Vendedor_ID, Cliente_CPF, Data_Compra, Quantidade) values (15, 4, '75277217698', '2022/05/06', 6);
insert into Nota_Venda (ID_Venda, Vendedor_ID, Cliente_CPF, Data_Compra, Quantidade) values (16, 3, '75277217698', '2022/06/30', 4);
insert into Nota_Venda (ID_Venda, Vendedor_ID, Cliente_CPF, Data_Compra, Quantidade) values (17, 3, '75277217698', '2022/02/02', 7);
insert into Nota_Venda (ID_Venda, Vendedor_ID, Cliente_CPF, Data_Compra, Quantidade) values (18, 3, '75277217698', '2022/04/19', 8);
insert into Nota_Venda (ID_Venda, Vendedor_ID, Cliente_CPF, Data_Compra, Quantidade) values (19, 1, '03019296533', '2022/07/29', 1);
insert into Nota_Venda (ID_Venda, Vendedor_ID, Cliente_CPF, Data_Compra, Quantidade) values (20, 1, '45803681724', '2022/09/02', 6);

SELECT *FROM 	Nota_Venda;

